TransactionId,Transaction
536403,"hand warmer bird design,postage"
539491,"pack of 12 woodland tissues,pack of 12 pink polkadot tissues,set of 3 cake tins pantry design,jumbo storage bag suki,pack of 20 spaceboy napkins,funky washing up gloves assorted,red retrospot big bowl,jam making set with jars,charlotte bag suki design,set/10 ivory polkadot party candles,pink party bags,woodland party bag + sticker set,retrospot party bag + sticker set,200 red + white bendy straws,pencil case life is beautiful,postage"
539731,"pack of 72 retrospot cake cases,easter tin keepsake,pink metal chicken heart,yellow metal chicken heart,easter tin bunny bouquet,assorted easter decorations  bells,suki  shoulder bag,lunch bag suki  design,pack of 72 skull cake cases,skull lunch box with cutlery,jumbo storage bag skulls,pack of 60 spaceboy cake cases,spaceboy tv dinner tray,tv dinner tray dolly girl,tv dinner tray air hostess,plasters in tin strongman,fawn blue hot water bottle,feltcraft cushion rabbit,feltcraft cushion butterfly,feltcraft doll molly,feltcraft princess lola doll,feltcraft princess olivia doll,feltcraft princess charlotte doll,red toadstool led night light,lunch box with cutlery retrospot,hand warmer babushka design,clothes pegs retrospot pack 24,swiss roll towel, pink  spots,strawberry honeycomb  garland,dolly honeycomb garland,felt farm animal rabbit,party pizza dish red retrospot,wall tidy retrospot,party pizza dish pink polkadot,party pizza dish green polkadot,party pizza dish blue polkadot,magnets pack of 4 retro photo,hand towel pale blue w flowers,hand towel pink flower and daisy,la palmiera tile coaster,childrens dolly girl mug,green 3 piece polkadot cutlery set,red 3 piece retrospot cutlery set,blue 3 piece polkadot cutlery set,pink 3 piece polkadot cutlery set,red retrospot mini cases,round snack boxes set of4 woodland,spaceboy lunch box,lunch bag spaceboy design,woodland charlotte bag,lunch bag woodland,red spotty biscuit tin,feltcraft cushion owl,charlotte bag suki design"
541206,"pack of 12 pink polkadot tissues,rose cottage keepsake box,memo board cottage design,memo board retrospot  design,wall tidy retrospot,set of 3 notebooks in parcel,red gingham rose jewellery box,set/3 red gingham rose storage box,set3 book box green gingham flower,fairy tale cottage nightlight,red toadstool led night light,red retrospot mini cases,pack of 12 traditional crayons,pack of 12 coloured pencils,jam making set with jars,jam making set printed,jam jar with pink lid,jam jar with green lid,recipe box pantry yellow design,pack of 12 woodland tissues,cowboys and indians birthday card,elephant, birthday card,,spaceboy birthday card,card birthday cowboy,rainy ladies birthday card,card wedding day,penny farthing birthday card,vintage caravan greeting card,easter tin bucket,pack of 72 retrospot cake cases,pack of 60 spaceboy cake cases,60 cake cases dolly girl design,pack of 60 mushroom cake cases,72 sweetheart fairy cake cases,36 foil heart cake cases,set of 72 retrospot paper  doilies,36 foil star cake cases,set/20 red retrospot paper napkins,retrospot party bag + sticker set,woodland party bag + sticker set,pack of 20 spaceboy napkins,pack of 20 napkins red apples,set/20 strawberry paper napkins,set/10 blue polkadot party candles,paper bunting retrospot,woodland charlotte bag,charlotte bag pink polkadot,charlotte bag dolly girl design,red retrospot charlotte bag,charlotte bag suki design,lunch bag red retrospot,jumbo storage bag suki,red retrospot shopper bag,red 3 piece retrospot cutlery set,magnets pack of 4 childhood memory,retrospot childrens apron,childrens apron apples design,children's apron dolly girl,childrens apron spaceboy design,round snack boxes set of4 woodland,dolly girl lunch box,spaceboy lunch box,red retrospot round cake tins,red spotty biscuit tin,recipe box retrospot,oven mitt apples design,clothes pegs retrospot pack 24,red retrospot cup,blue polkadot cup,party pizza dish blue polkadot,red retrospot bowl,blue polkadot bowl,blue stripe ceramic drawer knob,5 hook hanger red magic toadstool,gumball coat rack,travel sewing kit,plasters in tin vintage paisley,plasters in tin spaceboy,plasters in tin woodland animals"
541570,"strawberry lunch box with cutlery,dinosaur lunch box with cutlery,set/10 red polkadot party candles,60 teatime fairy cake cases,72 sweetheart fairy cake cases,pink party bags,pack of 72 retrospot cake cases,memo board cottage design,rose cottage keepsake box,childrens apron spaceboy design,children's apron dolly girl,plasters in tin skulls,white hanging heart t-light holder,5 hook hanger magic toadstool,3 hook hanger magic garden,hook, 1 hanger ,magic garden,plasters in tin woodland animals,red retrospot shopper bag,jumbo bag red retrospot,jumbo bag scandinavian paisley,jumbo bag pink vintage paisley,felt toadstool large,romantic pinks ribbons,round snack boxes set of 4 fruits,round snack boxes set of4 woodland,dolly girl lunch box,childrens dolly girl mug,spaceboy lunch box,plasters in tin spaceboy,children's spaceboy mug,card birthday cowboy,card circus parade,lunch bag  black skull."
541608,"pink blue felt craft trinket box,pink cream felt craft trinket box"
541711,"set of 36 doilies spaceboy design,36 foil star cake cases,set/6 red spotty paper plates,retrospot party bag + sticker set,woodland party bag + sticker set,pink party bags,pack of 20 spaceboy napkins,pack of 20 napkins red apples,set/20 strawberry paper napkins,set/10 ivory polkadot party candles,paper bunting white lace,mint kitchen scales,red kitchen scales,ivory kitchen scales,strawberry   picnic bag,red retrospot picnic bag,pink vintage paisley picnic bag,lunch bag pink polkadot,lunch bag spaceboy design,lunch bag suki  design,jumbo bag red retrospot,pin cushion babushka pink,pin cushion babushka blue,pin cushion babushka red,silk purse babushka pink,silk purse babushka blue,measuring tape babushka pink,measuring tape babushka blue,set 7 babushka nesting boxes,set/3 red gingham rose storage box,toadstool money box,traditional modelling clay,set 12 kids colour  chalk sticks,set 12 kids  white chalk sticks,set of 3 cake tins pantry design,jam making set with jars,jam jar with pink lid,jam jar with green lid,gingerbread man cookie cutter,set of 3 heart cookie cutters,set of 3 butterfly cookie cutters,3 piece spaceboy cookie cutter set,set of 20 kids cookie cutters,pack of 72 retrospot cake cases,pack of 60 mushroom cake cases,pack of 60 pink paisley cake cases,jumbo bag strawberry,strawberry shopper bag,blue 3 piece polkadot cutlery set,tv dinner tray dolly girl,spaceboy tv dinner tray,200 red + white bendy straws,magnets pack of 4 childhood memory,childrens apron apples design,childrens apron spaceboy design,round snack boxes set of4 woodland,round container set of 5 retrospot,spaceboy lunch box,set 3 retrospot tea,coffee,sugar,red retrospot round cake tins,picnic boxes set of 3 retrospot,set of 2 tea towels apple and pears,tablecloth red apples design,funky washing up gloves assorted,blue polkadot washing up gloves,red retrospot peg bag,peg bag apples design,pink  polkadot cup,red retrospot plate,party pizza dish blue polkadot,party pizza dish pink polkadot,green polkadot bowl,pink polkadot bowl,tea bag plate red retrospot,red retrospot big bowl,deluxe sewing kit,travel sewing kit,button box,plasters in tin vintage paisley,plasters in tin spaceboy,plasters in tin woodland animals,spaceboy birthday card,ring of roses birthday card,card birthday cowboy,rainy ladies birthday card,card gingham rose,easter tin bucket,set 3 paper vintage chick paper egg,boys vintage tin seaside bucket,girls vintage tin seaside bucket,pack of 72 skull cake cases,red stripe ceramic drawer knob,5 hook hanger magic toadstool,5 hook hanger red magic toadstool,gumball coat rack,four hook  white lovebirds,hook, 1 hanger ,magic garden,clear drawer knob acrylic edwardian,pink drawer knob acrylic edwardian,green drawer knob acrylic edwardian,purple drawerknob acrylic edwardian,woodland  height chart stickers,party invites woodland,woodland design  cotton tote bag,woodland storage box large,woodland storage box small"
542720,"set of 9 black skull balloons,pink cream felt craft trinket box,pink blue felt craft trinket box,lipstick pen red,lipstick pen fuschia,ceramic cherry cake money bank,sweetheart ceramic trinket box,strawberry ceramic trinket box,postage"
542894,"folkart zinc heart christmas dec,ivory hanging decoration  egg,ivory hanging decoration  bird,hanging chick cream decoration,white brocante soap dish,doormat home sweet home blue,mini cake stand  hanging strawbery,sweetheart cakestand 3 tier,envelope 50 blossom images,doormat new england,cream cupid hearts coat hanger,postage"
543387,"spaceboy birthday card,cowboys and indians birthday card,round snack boxes set of 4 fruits,round snack boxes set of4 woodland,set/10 blue polkadot party candles,elephant, birthday card,,postage,pack of 60 spaceboy cake cases,card birthday cowboy,gingerbread man cookie cutter,dolly girl lunch box,children's apron dolly girl,spaceboy lunch box,wall tidy retrospot"
544479,"ribbon reel lace design,round container set of 5 retrospot,woodland charlotte bag,pack of 60 dinosaur cake cases,filigris heart with butterfly,strawberry lunch box with cutlery,lunch box with cutlery retrospot,food container set 3 love heart,memo board cottage design,party invites woodland,white spot red ceramic drawer knob,plasters in tin skulls,jumbo bag dolly girl design,fawn blue hot water bottle,red 3 piece retrospot cutlery set,pink 3 piece polkadot cutlery set,round snack boxes set of4 woodland,set/10 pink polkadot party candles,spaceboy lunch box,jam making set printed,yellow metal chicken heart,hanging spring flower egg large,36 pencils tube red retrospot,easter craft 4 chicks,doormat red retrospot,strawberry shopper bag,set/2 red retrospot tea towels,blue polkadot cup,green polkadot plate,small medina stamped metal bowl,red retrospot cake stand,red retrospot picnic bag,set of 6 heart chopsticks,rainy ladies birthday card,blue diner wall clock,red tea towel classic design,blue tea towel classic design,small red babushka notebook,small purple babushka notebook,large red babushka notebook,birthday card, retro spot,pack of 20 napkins red apples,cream cupid hearts coat hanger,fairy tale cottage nightlight,black heart card holder,doormat airmail,pink  polkadot cup,retrospot heart hot water bottle,vintage kid dolly card,cowboys and indians birthday card,set of 6 strawberry chopsticks,paper bunting coloured lace,hanging chick  yellow decoration,retrospot party bag + sticker set,recipe box pantry yellow design,recipe box retrospot,pink baby bunting,lunch bag red retrospot,lunch bag pink polkadot,lunch bag suki  design,charlotte bag suki design,pack of 20 spaceboy napkins,single heart zinc t-light holder,pack of 60 spaceboy cake cases,72 sweetheart fairy cake cases,round snack boxes set of 4 fruits,white wood garden plant ladder,3 piece spaceboy cookie cutter set,5 hook hanger red magic toadstool,folkart zinc heart christmas dec,pink  honeycomb paper ball,multicolour honeycomb fan,pastel colour honeycomb fan,jumbo bag strawberry,dolly girl lunch box,6 ribbons rustic charm"
544480,"regency cakestand 3 tier,brocante shelf with hooks,hanging heart jar t-light holder,set 3 song bird paper eggs assorted,3 stripey mice feltcraft,baking mould rose milk chocolate,baking mould heart white chocolate,card gingham rose,banquet birthday  card,card party games,woodland party bag + sticker set,dinosaur party bag + sticker set,skulls party bag + sticker set,light garland butterfiles pink,wooden owls light garland,make your own flowerpower card kit,plasters in tin vintage paisley,button box,jumbo bag red retrospot,red retrospot charlotte bag,jumbo shopper vintage red paisley,jumbo bag owls,pack of 6 skull paper plates,pack of 6 skull paper cups,pack of 20 skull paper napkins,set of 9 black skull balloons,metal decoration naughty children,girls vintage tin seaside bucket,revolver wooden ruler,36 foil heart cake cases,set of 72 retrospot paper  doilies,set/20 red retrospot paper napkins,coffee mug apples design,pack of 20 napkins red apples,set of 2 tea towels apple and pears,set 2 pantry design tea towels,set of 4 pantry jelly moulds,gingerbread man cookie cutter,set of 36 teatime paper doilies,bread bin diner style mint,bread bin diner style pink,bread bin diner style red,pink fairy cake childrens apron"
544672,"pack of 72 retrospot cake cases,spaceboy birthday card,blue stripe ceramic drawer knob,white spot red ceramic drawer knob,set 12 kids colour  chalk sticks,pack of 60 mushroom cake cases,card birthday cowboy,woodland charlotte bag,jumbo bag red retrospot,red retrospot oven glove,spaceboy lunch box,clothes pegs retrospot pack 24,retrospot childrens apron,charlotte bag pink polkadot,red retrospot cup,jumbo bag pink polkadot,round container set of 5 retrospot,jam making set printed,set/20 red retrospot paper napkins,card gingham rose,strawberry charlotte bag,jam making set with jars,set of 72 retrospot paper  doilies,travel sewing kit,button box,jumbo bag owls,pencil case life is beautiful,childrens apron apples design,pack of 12 traditional crayons,jam jar with pink lid,jam jar with green lid,set of 3 butterfly cookie cutters,set of 36 doilies spaceboy design,set/6 red spotty paper plates,pack of 6 skull paper plates,pack of 6 skull paper cups,pack of 20 skull paper napkins,hook, 1 hanger ,magic garden,party invites woodland,cowboys and indians birthday card,jumbo bag strawberry,memo board retrospot  design,childrens cutlery polkadot pink,red kitchen scales"
546027,"childrens apron spaceboy design,spaceboy gift wrap,lunch bag spaceboy design,pack of 20 spaceboy napkins,spaceboy lunch box,3 piece spaceboy cookie cutter set,small popcorn holder,red hanging heart t-light holder,food container set 3 love heart,candleholder pink hanging heart,72 sweetheart fairy cake cases,white hanging heart t-light holder,felt toadstool large,easter tree yellow birds,cream felt easter egg basket,candy spot egg warmer hare,set/10 red polkadot party candles,childrens cutlery polkadot pink,charlotte bag dolly girl design,dolly girl lunch box,mini paint set vintage,piggy bank retrospot,poppy's playhouse bedroom,baking set spaceboy design,baking set 9 piece retrospot,mr robot soft toy,postage"
546433,"red love heart shape cup,pink love heart shape cup,dinosaur keyrings assorted,pink fairy cake childrens apron,childrens apron spaceboy design,set of 16 vintage red cutlery,ice cream design garden parasol,postage"
547365,"folkart zinc heart christmas dec,ivory hanging decoration  bird,candleholder pink hanging heart,white hanging heart t-light holder,single heart zinc t-light holder,hanging heart zinc t-light holder,cream cupid hearts coat hanger,dolly girl baby gift set,soap dish brocante,magic drawing slate spaceboy,magic drawing slate dolly girl,postage"
547796,"set/10 ivory polkadot party candles,childrens cutlery retrospot red,gumball coat rack,jumbo bag spaceboy design,jumbo bag woodland animals,woodland charlotte bag,pink polkadot bowl,blue polkadot plate,elephant, birthday card,,round snack boxes set of 4 fruits,round snack boxes set of4 woodland,red retrospot picnic bag,postage"
547825,"set of 3 butterfly cookie cutters,party invites dinosaurs,dinosaur party bag + sticker set,doormat fairy cake,pack of 20 skull paper napkins,pack of 6 skull paper cups,pack of 6 skull paper plates,wooden croquet garden set,postage"
548010,"dolly girl baby gift set,spaceboy baby gift set,circus parade baby gift set,card dolly girl,robot birthday card,dollcraft boy jean-paul,dollcraft girl amelie kit,pantry washing up brush,jam clock magnet,clock magnet mum's kitchen,bull dog bottle opener,set of 4 jam jar magnets,set of 5 lucky cat magnets,set of 5 mini grocery magnets,set of 5 pancake day magnets"
548011,"feltcraft 6 flower friends,rose cottage keepsake box,set of 3 notebooks in parcel,strawberry charlotte bag,strawberry shopper bag,woodland charlotte bag,red retrospot charlotte bag,lunch bag woodland,3d hearts  honeycomb paper garland,skull and crossbones  garland,pack of 72 retrospot cake cases,pack of 72 skull cake cases,fawn blue hot water bottle,strawberry lunch box with cutlery,dinosaur lunch box with cutlery,strawberry   picnic bag,pack of 60 dinosaur cake cases,pack of 60 mushroom cake cases,spaceboy birthday card,hook, 1 hanger ,magic garden,5 hook hanger red magic toadstool,3 hook hanger magic garden,heart ivory trellis small,round snack boxes set of4 woodland,round snack boxes set of 4 fruits,round snack boxes set of 4 skulls,lunch box with cutlery retrospot,charlotte bag pink polkadot,childrens apron spaceboy design,lunch bag spaceboy design,lunch bag pink polkadot,jumbo bag spaceboy design,jumbo bag pink polkadot,magnets pack of 4 childhood memory,pack of 60 spaceboy cake cases,regency cakestand 3 tier,watering can pink bunny,plasters in tin woodland animals,plasters in tin strongman,plasters in tin circus parade,plasters in tin vintage paisley,clothes pegs retrospot pack 24,pack of 20 spaceboy napkins,spaceboy lunch box,dolly girl lunch box,circus parade lunch box,childs breakfast set spaceboy,childs breakfast set dolly girl,lunch bag dolly girl design,charlotte bag dolly girl design,jumbo bag dolly girl design,recipe box retrospot,recipe box pantry yellow design,card birthday cowboy,sweetheart cakestand 3 tier,wooden owls light garland,light garland butterfiles pink,card party games,bread bin diner style pink,bread bin diner style mint,novelty biscuits cake stand 3 tier,set of 2 tea towels apple and pears,children's apron dolly girl,pack of 20 napkins red apples,60 cake cases dolly girl design,36 foil heart cake cases,3 piece spaceboy cookie cutter set,gingerbread man cookie cutter,set 3 song bird paper eggs assorted,children's spaceboy mug,childrens dolly girl mug,revolver wooden ruler,set of 4 pantry jelly moulds,set of 3 heart cookie cutters,set of 3 butterfly cookie cutters,set of 36 teatime paper doilies,set of 72 pink heart paper doilies,60 teatime fairy cake cases,pink metal chicken heart,jumbo bag red retrospot,lunch bag  black skull.,set of 72 skull paper  doilies,ceramic pirate chest money bank,jumbo bag woodland animals,love heart sock hanger,72 sweetheart fairy cake cases,food container set 3 love heart,set of 5 lucky cat magnets,knickerbockerglory magnet assorted"
548211,"retrospot party bag + sticker set,woodland party bag + sticker set,dinosaur party bag + sticker set,skulls party bag + sticker set,round container set of 5 retrospot,girls vintage tin seaside bucket,boys vintage tin seaside bucket,clothes pegs retrospot pack 24,tv dinner tray dolly girl,pastel colour honeycomb fan,multicolour honeycomb fan,set of 36 doilies spaceboy design,pink polkadot bowl,filigris heart with butterfly,memo board cottage design,knickerbockerglory magnet assorted"
548969,"round snack boxes set of4 woodland,round snack boxes set of 4 fruits,memo board cottage design,spaceboy lunch box,dolly girl lunch box,woodland charlotte bag,red toadstool led night light,5 hook hanger red magic toadstool,3 hook hanger magic garden"
548970,"jumbo bag spaceboy design,jumbo bag pink vintage paisley,jumbo bag woodland animals,jumbo bag red retrospot,jumbo bag strawberry,jumbo bag toys"
551345,"lunch bag woodland,red retrospot charlotte bag,round snack boxes set of 4 fruits,round snack boxes set of4 woodland,red spot ceramic drawer knob,jumbo storage bag skulls,pack of 20 skull paper napkins,pack of 6 skull paper cups,postage"
552845,"pencil case life is beautiful,red retrospot mini cases,round container set of 5 retrospot,set/5 red retrospot lid glass bowls,clothes pegs retrospot pack 24,woodland design  cotton tote bag,postage"
552846,"childrens cutlery dolly girl,postage"
552882,"regency tea plate roses,miseltoe heart wreath white,miseltoe heart wreath,folding mirror hot pink,rabbit night light,charlotte bag alphabet  design,jumbo bag alphabet,jumbo bag doiley patterns,food cover with beads set 2,classic glass sweet jar,large ceramic top storage jar,medium ceramic top storage jar,small ceramic top storage jar,bread bin diner style ivory,marie antoinette trinket box gold"
552883,"set 12 kids colour  chalk sticks,lunch bag suki design,set/20 red retrospot paper napkins,round snack boxes set of 4 fruits,dolly girl lunch box,charlotte bag pink polkadot,memo board cottage design,16 piece cutlery set pantry design,jumbo bag apples,jumbo bag pears,regency teapot roses,regency milk jug pink,charlotte bag vintage alphabet,lunch bag alphabet design,assorted flower colour ""leis"",set/6 fruit salad  paper plates,set/6 fruit salad paper cups,ivory hanging decoration  heart,card party games,card gingham rose,pink fairy cake childrens apron,charlotte bag dolly girl design,lunch bag doiley pattern,10 colour spaceboy pen,vintage kid dolly card,cowboys and indians birthday card,strawberry lunch box with cutlery,charlotte bag suki design,red retrospot charlotte bag,red spotty biscuit tin,pack of 20 napkins pantry design,scandinavian paisley picnic bag,heart filigree dove  small,heart filigree dove large,round snack boxes set of4 woodland,pack of 60 dinosaur cake cases,lunch box with cutlery retrospot,lunch bag pink polkadot,doormat english rose,jumbo bag charlie and lola toys,zinc t-light holder stars small,regency tea strainer,zinc t-light holder star large,regency cake slice,regency sugar tongs,regency cakestand 3 tier,pack of 72 retrospot cake cases,folkart zinc heart christmas dec,pink vintage paisley picnic bag,white spot red ceramic drawer knob,white wood garden plant ladder,card dolly girl,assorted colour bird ornament,spaceboy birthday card,lunch bag apple design,plasters in tin vintage paisley,spaceboy baby gift set,circus parade baby gift set,heart ivory trellis small,folding butterfly mirror hot pink,folding butterfly mirror red,charlotte bag apples design,ribbon reel stripes design,place setting white heart,hanging heart zinc t-light holder,single heart zinc t-light holder,plasters in tin skulls,dolly girl baby gift set,jumbo bag woodland animals,lunch bag woodland,robot birthday card,heart ivory trellis large,rainy ladies birthday card,tea party birthday card,food container set 3 love heart,3 stripey mice feltcraft,3 hook hanger magic garden,plasters in tin spaceboy,jumbo bag scandinavian blue paisley,jumbo bag pink vintage paisley,scottie dogs baby bib,bread bin diner style pink,ice cream design garden parasol,enchanted bird coathanger 5 hook,red heart shape love bucket,jumbo bag red retrospot,lunch bag red retrospot,5 hook hanger red magic toadstool,spaceboy lunch box,childrens apron spaceboy design,hanging heart jar t-light holder,72 sweetheart fairy cake cases"
552885,blue 3 piece polkadot cutlery set
553682,"red toadstool led night light,jumbo bag woodland animals,jumbo bag red retrospot,spaceboy lunch box,postage"
554038,"green metal box army supplies,red metal box top secret,parisienne curio cabinet,folkart zinc heart christmas dec,cream cupid hearts coat hanger,filigris heart with butterfly,heart filigree dove large,heart ivory trellis large,aluminium stamped heart,vintage embossed heart,doormat home sweet home blue,doormat welcome to our home,postage"
554642,5 hook hanger red magic toadstool
554827,"dolly girl lunch box,children's apron dolly girl,pack of 20 napkins red apples,children's spaceboy mug,red toadstool led night light,magnets pack of 4 childhood memory,regency cakestand 3 tier,60 teatime fairy cake cases,assorted colour bird ornament,charlotte bag pink polkadot,charlotte bag suki design,36 foil heart cake cases,childrens cutlery spaceboy,childrens cutlery dolly girl,childrens cutlery circus parade,set 6 paper table lantern hearts,parisienne jewellery drawer,charlotte bag apples design,lunch bag apple design,rabbit night light,red retrospot picnic bag,strawberry lunch box with cutlery,red spotty biscuit tin,bread bin diner style red,set of 3 notebooks in parcel,fawn blue hot water bottle,cream cupid hearts coat hanger,woodland charlotte bag,lunch bag woodland,red retrospot mini cases,lunch bag red retrospot,doormat red retrospot,bundle of 3 school exercise books,bundle of 3 alphabet exercise books,classic cafe sugar dispenser,silver hearts table decoration,silver stars table decoration,parisienne key cabinet,silver bells table decoration,set 6 paper table lantern stars,red metal box top secret,green metal box army supplies,suki  shoulder bag,food container set 3 love heart,coffee mug apples design,red tea towel classic design,blue tea towel classic design,memo board cottage design,plasters in tin strongman,spaceboy lunch box"
555003,"bundle of 3 alphabet exercise books,pencil case life is beautiful,6 ribbons rustic charm,ribbon reel stripes design,chick grey hot water bottle,english rose hot water bottle,jumbo bag alphabet,postage"
555106,"mini jigsaw dolly girl,card dolly girl,card circus parade,tea party birthday card,card gingham rose,four hook  white lovebirds,rose cottage keepsake box,green regency teacup and saucer,pink regency teacup and saucer,roses regency teacup and saucer,mini jigsaw circus parade,home sweet home metal sign,doormat spotty home sweet home,sweetheart wire wall tidy,regency sugar bowl green,regency teapot roses,regency milk jug pink,poppy's playhouse bedroom,poppy's playhouse livingroom,poppy's playhouse kitchen,postage"
555160,"lunch bag suki design,childrens cutlery polkadot green,childrens cutlery spaceboy,red toadstool led night light,jumbo storage bag skulls,charlotte bag apples design,charlotte bag vintage alphabet,woodland design  cotton tote bag,spaceboy lunch box,round snack boxes set of4 woodland,blue polkadot washing up gloves,red kitchen scales,dolly girl lunch box"
555164,"regency tea plate roses,regency teapot roses,regency sugar bowl green,regency milk jug pink,jumbo bag spaceboy design,jumbo bag woodland animals,lunch bag alphabet design,bread bin diner style pink,circus parade lunch box,round snack boxes set of4 woodland,red retrospot charlotte bag,spaceboy lunch box,dolly girl lunch box"
555407,"filigree heart daisy white,filigree heart butterfly white,filigree heart bird white,filigris heart with butterfly,vintage embossed heart,heart ivory trellis small,heart ivory trellis large,heart filigree dove  small,folkart zinc heart christmas dec,ivory hanging decoration  heart,hanging heart zinc t-light holder,single heart zinc t-light holder,cream cupid hearts coat hanger,regency tea plate roses,postage"
555589,"regency milk jug pink,ass floral print multi screwdriver,postage,airline bag vintage jet set red,skull shoulder bag,suki  shoulder bag,airline bag vintage jet set white,kids rain mac pink,rain poncho retrospot,tropical passport cover,travel card wallet suki,tea party birthday card,robot birthday card,card dolly girl,decoupage,greeting card,,red toadstool led night light,round snack boxes set of4 woodland,dolly girl lunch box,apron apple delight,tea time kitchen apron,pack of 60 spaceboy cake cases,pack of 60 pink paisley cake cases,pack of 72 skull cake cases,peg bag apples design,regency sugar bowl green"
556235,"pack of 72 retrospot cake cases,red love heart shape cup,pink love heart shape cup,strawberry ceramic trinket box,postage"
557263,"red retrospot cup,pack of 60 spaceboy cake cases,pack of 72 retrospot cake cases,pack of 60 mushroom cake cases,60 cake cases dolly girl design,pack of 72 skull cake cases,round snack boxes set of4 woodland,charlotte bag dolly girl design,charlotte bag pink polkadot,lunch bag suki design,woodland charlotte bag,retrospot childrens apron,childrens apron apples design,set/10 pink polkadot party candles,red retrospot shopper bag,set/20 red retrospot paper napkins,pack of 20 napkins red apples,clothes pegs retrospot pack 24,picnic boxes set of 3 retrospot,jumbo bag pink vintage paisley,red toadstool led night light,plasters in tin spaceboy,plasters in tin woodland animals,memo board retrospot  design,red stripe ceramic drawer knob,red retrospot mini cases,lunch bag woodland,lunch bag spaceboy design,lunch bag pink polkadot,lunch bag dolly girl design,elephant, birthday card,,cowboys and indians birthday card,ring of roses birthday card,spaceboy birthday card,card birthday cowboy,ivory kitchen scales,set/3 red gingham rose storage box,set 3 retrospot tea,coffee,sugar,mint kitchen scales,red retrospot bowl,lunch bag red retrospot,childrens apron spaceboy design,jumbo  bag baroque black white,lunch bag apple design,lunch bag doiley pattern,lunch bag alphabet design,pack of 6 skull paper plates,card dolly girl,round snack boxes set of 4 fruits,gumball coat rack,oven mitt apples design,red retrospot oven glove"
557328,"spaceboy childrens bowl,dolly girl childrens cup,dolly girl childrens bowl,childrens cutlery spaceboy,childrens cutlery circus parade,childrens cutlery dolly girl,lunch box with cutlery retrospot,dinosaur lunch box with cutlery,strawberry lunch box with cutlery,circus parade lunch box,spotty bunting,green vintage spot beaker,red vintage spot beaker,blue vintage spot beaker,pink vintage spot beaker,set 2 pantry design tea towels,set of 36 doilies pantry design,set of 60 pantry design cake cases,set of tea coffee sugar tins pantry,set of 3 regency cake tins,doiley storage tin,set of 4 knick knack tins doiley,set of 4 pantry jelly moulds,traditional knitting nancy,wooden school colouring set,rabbit night light,basket of toadstools,set of 10 led dolly lights,spaceboy childrens cup,apron apple delight,card circus parade,set of 4 knick knack tins london,set of 60 i love london cake cases,miniature antique rose hook ivory,single antique rose hook ivory,triple hook antique ivory rose,suki  shoulder bag,jumbo storage bag skulls,jumbo bag charlie and lola toys,jumbo bag scandinavian blue paisley,jumbo bag doiley patterns,jumbo bag pears,jumbo bag alphabet,jumbo bag apples,charlotte bag vintage alphabet,charlotte bag apples design,lunch bag alphabet design,lunch bag apple design,large purple babushka notebook,lunch bag doiley pattern,pack of 20 skull paper napkins,pack of 20 napkins pantry design,pack of 6 skull paper cups,pack of 6 skull paper plates,fawn blue hot water bottle,plasters in tin circus parade,mint kitchen scales,black kitchen scales,ivory kitchen scales"
557525,"spaceboy lunch box,3 piece spaceboy cookie cutter set,lunch bag spaceboy design,circus parade lunch box,set/10 blue polkadot party candles,blue polkadot kids bag,childrens cutlery polkadot blue,childrens cutlery polkadot pink,first aid tin,charlie & lola wastepaper bin flora,childrens cutlery dolly girl,childrens cutlery circus parade,childrens cutlery spaceboy,set of 3 heart cookie cutters,party metal sign,open closed metal sign,assorted colours silk fan,white hanging heart t-light holder,regency cakestand 3 tier,hanging heart jar t-light holder,jam making set with jars,ribbon reel hearts design,set of 9 heart shaped balloons,balloon pump with 10 balloons,set of 9 black skull balloons,hen party cordon barrier tape,party invites dinosaurs,party invites football,party invites spaceman,penny farthing birthday card,card birthday cowboy,spaceboy birthday card,calendar paper cut design,card wedding day,doormat welcome to our home,spaceboy baby gift set,skull and crossbones  garland,set of 4 pantry jelly moulds,postage"
558262,"jumbo bag apples,jumbo bag pears,jumbo bag owls,jumbo bag strawberry,jumbo bag doiley patterns,jumbo bag red retrospot,jumbo bag pink polkadot,jumbo shopper vintage red paisley,jumbo storage bag skulls,set/10 red polkadot party candles,card suki birthday,scandinavian paisley picnic bag,ivory hanging decoration  heart,fawn blue hot water bottle,skull lunch box with cutlery,pack of 60 dinosaur cake cases,pack of 60 mushroom cake cases,10 colour spaceboy pen,card dolly girl,bread bin diner style pink,card gingham rose,folkart zinc heart christmas dec,set of 4 knick knack tins doiley,set of 3 regency cake tins,skull shoulder bag,red diner wall clock,blue diner wall clock,spaceboy childrens bowl,dolly girl childrens cup,pack of 6 large fruit straws,party charms 50 pieces,pack of 6 cocktail parasol straws,cocktail swords 50 pieces,woodland charlotte bag,charlotte bag suki design,charlotte bag apples design,strawberry charlotte bag,charlotte bag pink polkadot,charlotte bag vintage alphabet,red retrospot charlotte bag,charlotte bag dolly girl design,lunch bag red retrospot,pack of 60 spaceboy cake cases,plasters in tin spaceboy,plasters in tin woodland animals,plasters in tin strongman,plasters in tin circus parade,clothes pegs retrospot pack 24,green regency teacup and saucer,60 cake cases dolly girl design,folding butterfly mirror red,folding butterfly mirror hot pink,colour glass t-light holder hanging,pink cream felt craft trinket box,bread bin diner style ivory,spaceboy childrens cup,dolly girl childrens bowl,cowboys and indians birthday card,strawberry lunch box with cutlery,red toadstool led night light,spaceboy birthday card,food container set 3 love heart,round snack boxes set of4 woodland,round snack boxes set of 4 fruits,lunch box with cutlery retrospot,lunch bag cars blue,lunch bag pink polkadot,lunch bag woodland,lunch bag spaceboy design,lunch bag suki design,lunch bag apple design,lunch bag doiley pattern"
558263,"set of 3 regency cake tins,set of 36 doilies pantry design,set of 60 pantry design cake cases,set of 4 knick knack tins doiley,glass songbird storage jar,large apothecary measuring jar,apothecary measuring jar,small apothecary measuring jar,glass apothecary bottle perfume,glass apothecary bottle elixir,glass apothecary bottle tonic"
558311,"set 3 retrospot tea,coffee,sugar,red kitchen scales,ivory kitchen scales,mint kitchen scales,zinc t-light holder stars small,jumbo storage bag skulls,single heart zinc t-light holder,hanging heart zinc t-light holder,feltcraft cushion butterfly,feltcraft cushion rabbit,3 stripey mice feltcraft,feltcraft 6 flower friends,feltcraft butterfly hearts,blue polkadot plate,round snack boxes set of 4 fruits,round snack boxes set of 4 skulls,dolly girl lunch box,spaceboy lunch box,72 sweetheart fairy cake cases,gumball coat rack"
560710,"20 dolly pegs retrospot,set 40 heart shape petit four cases,set of 6 tea time baking cases,set of 12 mini loaf baking cases,set of 6 snack loaf baking cases,tote bag i love london,miniature antique rose hook ivory,large purple babushka notebook,set of 12 fairy cake baking cases,postage"
562789,"spotty bunting,20 dolly pegs retrospot,round snack boxes set of4 woodland,round snack boxes set of 4 fruits,circus parade lunch box,lunch box i love london,dolly girl lunch box,spaceboy lunch box,strawberry lunch box with cutlery,dinosaur lunch box with cutlery,lunch box with cutlery retrospot,childrens cutlery circus parade,dolly girl childrens bowl,dolly girl childrens cup,spaceboy childrens bowl,spaceboy childrens cup,memo board retrospot  design,red retrospot mini cases,set of 10 led dolly lights,red gingham rose jewellery box,basket of toadstools,red toadstool led night light,wooden school colouring set,pack of 12 traditional crayons,traditional modelling clay,traditional knitting nancy,set 12 kids colour  chalk sticks,woodland  height chart stickers,fawn blue hot water bottle,plasters in tin spaceboy,plasters in tin vintage paisley,plasters in tin circus parade,ivory kitchen scales,black kitchen scales,mint kitchen scales,set of 12 fairy cake baking cases,set of 6 snack loaf baking cases,set of 12 mini loaf baking cases,set of 6 tea time baking cases,set 40 heart shape petit four cases,set of 4 pantry jelly moulds,set of 4 knick knack tins doiley,doiley storage tin,set of 3 regency cake tins,set of tea coffee sugar tins pantry,set of 3 cake tins pantry design,recipe box pantry yellow design,jam making set with jars,jam making set printed,set of 60 pantry design cake cases,set of 36 doilies pantry design,set 2 pantry design tea towels,pink vintage spot beaker,blue vintage spot beaker,red vintage spot beaker,green vintage spot beaker,blue polkadot washing up gloves,retrospot red washing up gloves,blue polkadot cup,party pizza dish pink polkadot,blue polkadot plate,red spotty biscuit tin,set/5 red retrospot lid glass bowls,pack of 20 napkins pantry design,lunch bag doiley pattern,lunch bag cars blue,red retrospot charlotte bag,woodland charlotte bag,charlotte bag apples design,strawberry charlotte bag,charlotte bag suki design,jumbo bag woodland animals,jumbo bag dolly girl design,jumbo bag apples,jumbo bag alphabet,jumbo bag owls,jumbo bag pears,jumbo bag doiley patterns,jumbo bag pink polkadot,jumbo bag red retrospot,jumbo bag scandinavian blue paisley,suki  shoulder bag,gumball coat rack,single antique rose hook ivory,set of 60 i love london cake cases,set of 4 knick knack tins london,card circus parade,spaceboy tv dinner tray,tv dinner tray dolly girl,set 8 candles vintage doiley,set of 12 t-lights vintage doiley,spaceboy beaker,dolly girl beaker,jumbo bag vintage christmas,jumbo bag 50's christmas,i love london beaker"
562790,"wrap red apples,wrap green pears,wrap wedding day,wrap i love london,wrap gingham rose,wrap  vintage doiley,wrap paisley park,wrap english rose,red retrospot wrap,pink paisley rose gift wrap"
563076,"sweetheart recipe book stand,abc treasure book box,magnets pack of 4 childhood memory,set of 2 ceramic christmas reindeer,set of 2 ceramic painted hearts,dolly girl beaker,set of 60 pantry design cake cases,party bunting,red toadstool led night light,rain poncho retrospot,red retrospot cake stand,pack of 60 mushroom cake cases,6 ribbons rustic charm,ribbon reel lace design,food container set 3 love heart,jigsaw tree with birdhouse,round snack boxes set of4 woodland,charlotte bag suki design,childrens apron spaceboy design,lunch bag spaceboy design,lunch bag suki design,pack of 60 spaceboy cake cases,10 colour spaceboy pen,white wood garden plant ladder,plasters in tin spaceboy,plasters in tin strongman,spaceboy lunch box,dolly girl lunch box,charlotte bag dolly girl design,lunch bag dolly girl design,jumbo bag dolly girl design,pink regency teacup and saucer,poppy's playhouse bedroom,children's apron dolly girl,calendar paper cut design,60 cake cases dolly girl design,36 foil heart cake cases,regency tea plate roses,bundle of 3 alphabet exercise books,jumbo bag vintage doily,charlotte bag vintage alphabet,lunch bag apple design,lunch bag alphabet design,lunch bag vintage doily,childrens cutlery dolly girl,childrens cutlery spaceboy,folding butterfly mirror hot pink,folding butterfly mirror red,scottie dogs baby bib,doormat english rose,cream cupid hearts coat hanger,zinc metal heart decoration,rectangular shaped mirror,3 hook hanger magic garden,charlotte bag pink polkadot,lunch bag pink polkadot,regency cakestand 3 tier,gumball coat rack,recipe box retrospot,green regency teacup and saucer,regency teapot roses,jumbo bag alphabet,set of 3 regency cake tins,dolly girl childrens cup,spaceboy childrens cup,spaceboy beaker,set of 12 fairy cake baking cases,set of 12 mini loaf baking cases,set 40 heart shape petit four cases,set of 3 hanging owls ollie beak,pantry magnetic  shopping list,ribbon reel polkadots,set of salt and pepper toadstools,pink polkadot bowl,woodland charlotte bag,strawberry charlotte bag,lunch bag red retrospot,lunch bag woodland,lunch bag  black skull.,pink blue felt craft trinket box,set/10 blue polkadot party candles,set/10 pink polkadot party candles,strawberry lunch box with cutlery,pink cream felt craft trinket box,jumbo bag spaceboy design,jumbo bag pink polkadot,set of 12 fork candles,angel decoration painted zinc,dove decoration painted zinc,christmas metal tags assorted,3 hearts hanging decoration rustic,heart decoration painted zinc,christmas retrospot tree wood,christmas retrospot angel wood,christmas gingham tree,parisienne key cabinet,rocking horse red christmas,green goose feather christmas tree,asstd fruit+flowers fridge magnets,36 pencils tube woodland,ivory kitchen scales,red kitchen scales,black kitchen scales,skull and crossbones  garland,skulls  water transfer tattoos,dinosaur lunch box with cutlery,feltcraft butterfly hearts,feltcraft cushion owl,bread bin diner style pink,bread bin diner style red,bread bin diner style ivory,revolver wooden ruler,colour glass t-light holder hanging,cowboys and indians birthday card,tea party birthday card,spaceboy birthday card,robot birthday card,card dolly girl,card gingham rose"
563165,"charlotte bag suki design,dolly girl beaker,spaceboy beaker,hanging mini coloured bottles,strawberry charlotte bag,charlotte bag pink polkadot,charlotte bag dolly girl design"
564169,"36 foil heart cake cases,rain poncho retrospot"
564650,"cake stand 3 tier magic garden,set of 9 black skull balloons,set of 2 tea towels apple and pears,red spotty biscuit tin,childrens cutlery polkadot pink,rain poncho retrospot,pack of 60 dinosaur cake cases,pack of 60 mushroom cake cases,pack of 72 retrospot cake cases,red retrospot charlotte bag,plasters in tin skulls,dinosaur lunch box with cutlery,white spot red ceramic drawer knob,red spot ceramic drawer knob,bread bin diner style red,bread bin diner style ivory,red diner wall clock,red refectory clock,glass  songbird storage jar,red stripe ceramic drawer knob,cream cupid hearts coat hanger,round snack boxes set of4 woodland,round snack boxes set of 4 fruits,spaceboy lunch box,dolly girl lunch box,card gingham rose,bundle of 3 alphabet exercise books,set of 4 knick knack tins doily,set of 3 regency cake tins,folding butterfly mirror hot pink,folding butterfly mirror red,dolly girl childrens bowl,spaceboy childrens bowl,set of 60 pantry design cake cases,folkart zinc heart christmas dec,bundle of 3 school exercise books,spaceboy birthday card,card dolly girl,hanging heart jar t-light holder,set of 2 ceramic christmas reindeer,set of 2 ceramic painted hearts"
564651,"set of 2 ceramic painted hearts,set of 2 ceramic christmas reindeer,36 foil star cake cases,polkadot rain hat"
564652,rabbit night light
565967,"set of tea coffee sugar tins pantry,set 2 pantry design tea towels,childrens apron spaceboy design,set/10 red polkadot party candles,childrens apron apples design,lunch box i love london,strawberry lunch box with cutlery,round container set of 5 retrospot,dolly girl childrens bowl,dolly girl childrens cup,spaceboy childrens bowl,spaceboy childrens cup,red retrospot mini cases,set of 10 led dolly lights,set/3 red gingham rose storage box,set3 book box green gingham flower,set 12 kids colour  chalk sticks,fawn blue hot water bottle,plasters in tin circus parade,travel sewing kit,button box,ivory kitchen scales,red kitchen scales,black kitchen scales,36 foil heart cake cases,blue polkadot washing up gloves,retrospot red washing up gloves,blue polkadot cup,green polkadot bowl,blue polkadot bowl,pink polkadot bowl,set/2 red retrospot tea towels,set of 2 tea towels apple and pears,red retrospot round cake tins,recipe box retrospot,set/6 red spotty paper plates,set/6 red spotty paper cups,pack of 6 skull paper cups,pack of 20 skull paper napkins,set of 36 doilies pantry design,pack of 72 retrospot cake cases,pack of 60 pink paisley cake cases,jumbo bag owls,jumbo bag pink polkadot,jumbo bag toys,blue spot ceramic drawer knob,gumball coat rack,3 hook hanger magic garden,penny farthing birthday card,lunch bag  black skull.,jumbo bag 50's christmas"
565975,spaceboy rocket lolly makers
566173,"ribbon reel lace design,love garland painted zinc,20 dolly pegs retrospot,home garland painted zinc,hot water bottle tea and sympathy,penny farthing birthday card,card gingham rose,postage"
566557,"ceramic cherry cake money bank,ceramic strawberry cake money bank,pack of 12 traditional crayons,giraffe wooden ruler,spaceboy mini backpack,spaceboy rocket lolly makers,magic drawing slate spaceboy,monsters stencil craft,happy stencil craft,pink floral feltcraft shoulder bag,jumbo bag 50's christmas,dolly girl mini backpack,doughnut lip gloss,bubblegum ring assorted,woodland mini backpack,woodland bunnies lolly makers,magic drawing slate dolly girl,retrospot heart hot water bottle,grey heart hot water bottle,english rose hot water bottle,hand warmer red love heart,hand warmer bird design,hand warmer owl design,i love london mini backpack,set of 60 i love london cake cases,lunch box i love london,i love london beaker,set of 4 knick knack tins london,open closed metal sign,set of 6 nativity magnets,zinc folkart sleigh bells,paper chain kit 50's christmas,heart shaped holly wreath,3d christmas stamps stickers,zinc willie winkie  candle stick,zinc  heart t-light holder,zinc  star t-light holder,love seat antique white metal,chest natural wood 20 drawers,pack 3 boxes bird pannetone,pack of 6 birdy gift tags,pack 3 boxes christmas pannetone,drawer knob crackle glaze ivory,drawer knob crackle glaze blue,drawer knob crackle glaze pink,drawer knob crackle glaze green,drawer knob ceramic red,drawer knob ceramic ivory,drawer knob ceramic black,cinderella chandelier,beaded chandelier t-light holder,lavender toilette bottle,glass apothecary bottle tonic,glass apothecary bottle elixir,glass apothecary bottle perfume,jam making set with jars,set of 4 pantry jelly moulds"
567280,"cowboys and indians birthday card,red toadstool led night light,spaceboy birthday card,set 6 paper table lantern hearts,set 6 paper table lantern stars,silver bells table decoration,silver stars table decoration,silver hearts table decoration,feltcraft girl amelie kit,zinc t-light holder stars small,regency sugar tongs,regency cake slice,set of 12 fork candles,lunch bag vintage doily,dolly girl childrens bowl,spaceboy childrens bowl,60 teatime fairy cake cases,72 sweetheart fairy cake cases,childrens cutlery polkadot pink,jumbo bag red retrospot,filigris heart with butterfly,heart filigree dove  small,3 piece spaceboy cookie cutter set,strawberry lunch box with cutlery,3 hook hanger magic garden,regency cakestand 3 tier,lunch bag dolly girl design,red retrospot charlotte bag,green regency teacup and saucer,bread bin diner style pink,bread bin diner style ivory,plasters in tin vintage paisley,spaceboy lunch box,dolly girl lunch box,set of 12 fairy cake baking cases,food container set 3 love heart,feltcraft 6 flower friends,round snack boxes set of4 woodland,round snack boxes set of 4 fruits,lunch bag spaceboy design,lunch bag suki design,jumbo bag spaceboy design,jumbo bag pink polkadot,jumbo shopper vintage red paisley,10 colour spaceboy pen,gumball coat rack,memo board cottage design,plasters in tin spaceboy,plasters in tin skulls,plasters in tin woodland animals,plasters in tin circus parade,roses regency teacup and saucer,card dolly girl,pack of 20 napkins red apples,lunch box with cutlery retrospot,christmas craft white fairy,jumbo bag woodland animals,jumbo bag owls,woodland charlotte bag,lunch bag red retrospot,lunch bag woodland,lunch bag  black skull.,lunch bag cars blue,36 pencils tube red retrospot,pack of 72 skull cake cases,skull lunch box with cutlery"
567290,"set of 3 regency cake tins,charlie & lola wastepaper bin flora,feltcraft princess olivia doll,ribbon reel stripes design,circus parade lunch box,children's apron dolly girl,childrens apron spaceboy design,dolly girl beaker,spaceboy beaker,spaceboy childrens cup,dolly girl childrens cup,set of 4 knick knack tins doily,set of 12 fairy cake baking cases,school desk and chair,love seat antique white metal,mini jigsaw spaceboy,fawn blue hot water bottle,regency tea plate roses,mini jigsaw dolly girl,regency tea plate green,wood stamp set best wishes,regency tea plate pink,gingham recipe book box,set 6 school milk bottles in crate,home sweet home bottle,pack of 72 retrospot cake cases,pack of 60 dinosaur cake cases,set of 12 mini loaf baking cases,regency tea strainer,recipe box retrospot,green goose feather christmas tree,set of 6 halloween ghost t-lights,white spot red ceramic drawer knob,red metal box top secret,green metal box army supplies,round container set of 5 retrospot,feltcraft princess charlotte doll,feltcraft princess lola doll"
567795,"circus parade lunch box,spaceboy lunch box,round container set of 5 retrospot,set of 10 led dolly lights,traditional modelling clay,fawn blue hot water bottle,plasters in tin circus parade,blue polkadot cup,pink  polkadot cup,red retrospot plate,green polkadot bowl,blue polkadot bowl,pink polkadot bowl,jumbo bag owls,jumbo bag pink polkadot,wall tidy retrospot,suki  shoulder bag,spaceboy birthday card,set/4 badges balloon girl,set/4 badges beetles,postage"
569665,"ivory embroidered quilt,faux fur chocolate throw,sunset colour chunky knitted throw,postage"
569719,"set/3 red gingham rose storage box,dolly girl lunch box,spaceboy lunch box,gumball coat rack,jam making set with jars,jam making set printed,postage"
569720,"i love london mini rucksack,set 36 colour pencils love london,set 36 colour pencils dolly girl,set 36 colour pencils spaceboy,set 12 colour pencils dolly girl,set 36 colouring pencils doiley,set 12 colour pencils spaceboy,set 12 colouring pencils doiley,set 12 colour pencils love london,mini playing cards dolly girl,mini playing cards spaceboy,playing cards i love london,playing cards vintage doiley,spaceboy mini rucksack,woodland mini rucksack"
569735,postage
570191,"set of 60 i love london cake cases,pack of 60 dinosaur cake cases,set of 60 pantry design cake cases,fairy cakes notebook a7 size,cocktail swords 50 pieces,pack of 72 skull cake cases,swiss roll towel pink  spots,fairy cake flannel assorted colour,72 sweetheart fairy cake cases,postage,assorted tutti frutti  fob notebook"
571697,"childrens apron apples design,spaceboy lunch box,spaceboy gift wrap,spaceboy baby gift set,spaceboy childrens bowl,spaceboy beaker,pack of 20 spaceboy napkins,lunch bag spaceboy design,pack of 6 skull paper plates,pack of 20 skull paper napkins,pack of 6 skull paper cups,skulls and crossbones wrap,set of 12 fairy cake baking cases,set of 6 snack loaf baking cases,set of 6 tea time baking cases,set of 3 regency cake tins,set of 3 cake tins pantry design,dolly girl lunch box,lunch bag vintage doily,toast its - happy birthday,hanging heart bonheur,beaded crystal heart blue on stick,box of 6 mini vintage crackers,white hanging heart t-light holder,money box housekeeping design,parisienne sewing box,dolly girl baby gift set,fairy cake birthday candle set,postage"
572035,"parisienne key cabinet,mini paint set vintage,rotating silver angels t-light hldr,doormat airmail,christmas gingham star,gingham heart decoration,assorted tutti frutti  fob notebook,regency tea plate roses,regency teapot roses,roses regency teacup and saucer,regency cakestand 3 tier,bubblegum ring assorted,set 2 tea towels i love london,60 teatime fairy cake cases,hanging mini coloured bottles,retrospot childrens apron,christmas metal postcard with bells,white spot blue ceramic drawer knob,filigris heart with butterfly,mistletoe heart wreath green,round snack boxes set of 4 fruits,ivory kitchen scales,red kitchen scales,black kitchen scales,jumbo bag red retrospot,doughnut lip gloss,clothes pegs retrospot pack 24,skull lunch box with cutlery,plasters in tin woodland animals,6 ribbons rustic charm,round snack boxes set of4 woodland,set/20 red retrospot paper napkins,woodland mini backpack,dolly girl mini backpack,set of 60 i love london cake cases,white wood garden plant ladder,charlotte bag dolly girl design,set of 3 hanging owls ollie beak,set of 36 teatime paper doilies,feltcraft cushion owl,ring of roses birthday card,tea party birthday card,jumbo bag apples,charlotte bag vintage alphabet,lunch bag cars blue,card holder love bird small,card holder love bird large,vintage doily deluxe sewing kit,key ring baseball boot assorted,wooden advent calendar cream,wooden advent calendar red,vintage donkey tail game,mini playing cards fun fair,parisienne jewellery drawer,parisienne curio cabinet,pink owl soft toy,blue owl soft toy,floor cushion elephant carnival,herb marker basil,herb marker thyme,herb marker mint,herb marker rosemary,herb marker parsley,herb marker chives,jumbo bag woodland animals,woodland charlotte bag,lunch bag red retrospot,fawn blue hot water bottle,cowboys and indians birthday card,strawberry lunch box with cutlery,red toadstool led night light,spaceboy birthday card,food container set 3 love heart,lunch box with cutlery retrospot,10 colour spaceboy pen,plasters in tin spaceboy,plasters in tin circus parade,plasters in tin vintage paisley,spaceboy lunch box,dolly girl lunch box,circus parade lunch box,recipe box retrospot,card dolly girl,bread bin diner style ivory,bread bin diner style red,ice cream pen lip gloss,ice cream sundae lip gloss,set of 12 fork candles,lunch bag vintage doily,set of 4 knick knack tins doily,set of 3 regency cake tins,spaceboy mini backpack,gingham recipe book box,72 sweetheart fairy cake cases,pink blue felt craft trinket box,3 hearts hanging decoration rustic,bundle of 3 alphabet exercise books,red retrospot charlotte bag,baking set 9 piece retrospot,cardholder holly wreath metal,zinc willie winkie  candle stick,memo board retrospot  design,red gingham teddy bear,gardenia 3 wick morris boxed candle,birthday card, retro spot,abc treasure book box,charlotte bag apples design,calendar paper cut design,calendar in season design,set of 3 notebooks in parcel,kids rain mac blue,easter tin bunny bouquet,piggy bank retrospot,childs breakfast set circus parade,card birthday cowboy,card circus parade,dolly girl beaker,set of 6 nativity magnets,pack of 12 traditional crayons,pantry magnetic  shopping list,childrens cutlery polkadot pink,magnets pack of 4 vintage collage,christmas craft little friends,christmas craft white fairy,hanging heart jar t-light holder"
572051,"mini playing cards spaceboy,mini playing cards dolly girl,set 36 colour pencils spaceboy,mini lights woodland mushrooms,set 36 colour pencils dolly girl,woodland large pink felt heart,woodland small red felt heart,set 36 colour pencils love london,box of 6 christmas cake decorations,embroidered ribbon reel rebecca,embroidered ribbon reel sophie,embroidered ribbon reel susie,embroidered ribbon reel sally,embroidered ribbon reel daisy,embroidered ribbon reel emily,embroidered ribbon reel rachel,embroidered ribbon reel ruby,embroidered ribbon reel claire,embroidered ribbon reel rosie,pearlised ivory heart large"
572052,gingham heart decoration
572123,"dinosaur lunch box with cutlery,woodland party bag + sticker set,lunch box i love london,jumbo bag red retrospot,gingerbread man cookie cutter,set of 5 mini grocery magnets,set of 5 lucky cat magnets,ceramic pirate chest money bank,painted metal pears assorted,christmas metal postcard with bells,zinc willie winkie  candle stick,pink love heart shape cup,set of 3 heart cookie cutters,set of 3 butterfly cookie cutters,red love heart shape cup,round snack boxes set of4 woodland"
572233,"set/10 red polkadot party candles,set/6 red spotty paper cups,red retrospot plate,set of 6 snack loaf baking cases,strawberry lunch box with cutlery,20 dolly pegs retrospot,red gingham rose jewellery box,postage"
572236,"embroidered ribbon reel rosie,embroidered ribbon reel rebecca,embroidered ribbon reel sally,embroidered ribbon reel emily,embroidered ribbon reel claire,embroidered ribbon reel sophie,embroidered ribbon reel susie,embroidered ribbon reel rachel,vintage doily travel sewing kit,vintage doily deluxe sewing kit,red spot paper gift bag,wall art spaceboy,wall art dolly girl"
573002,"gumball coat rack,envelope 50 blossom images,victorian sewing kit,feltcraft christmas fairy,christmas craft little friends,mini lights woodland mushrooms,small heart measuring spoons,recipe box retrospot,mini jigsaw bake a cake,mini jigsaw bunnies,jumbo bag woodland animals,woodland charlotte bag,lunch bag cars blue,strawberry lunch box with cutlery,dinosaur lunch box with cutlery,spaceboy beaker,jumbo bag 50's christmas,lunch box with cutlery retrospot,spaceboy lunch box,dolly girl lunch box,zinc folkart sleigh bells,christmas craft white fairy,box of 6 christmas cake decorations,clothes pegs retrospot pack 24,set of 4 knick knack tins doily"
573003,rabbit night light
573004,"lunch bag paisley park,jumbo bag paisley park"
574056,"jumbo bag spaceboy design,jumbo bag red retrospot,red retrospot shopper bag,red stripe ceramic drawer knob,blue stripe ceramic drawer knob,blue spot ceramic drawer knob,gumball coat rack,elephant birthday card,spaceboy birthday card,60 cake cases vintage christmas,recipe box pantry yellow design,childrens cutlery polkadot blue,round snack boxes set of4 woodland,round snack boxes set of 4 fruits,circus parade lunch box,spaceboy lunch box,childrens cutlery spaceboy,red retrospot mini cases,set3 book box green gingham flower,woodland  height chart stickers,plasters in tin woodland animals,plasters in tin spaceboy,red retrospot cup,recipe box retrospot,pack of 72 retrospot cake cases,lunch bag spaceboy design,lunch bag red retrospot,lunch bag woodland,lunch bag pink polkadot,jumbo bag woodland animals"
574058,rabbit night light
574059,"red apples chopping board,pantry chopping board,set 12 vintage doily chalk,classic chrome bicycle bell,mini lights woodland mushrooms,woodland large red felt heart,woodland large pink felt heart,woodland large blue felt heart,woodland small red felt heart,woodland small pink felt heart,woodland small blue felt heart,dolly girl mini backpack,treasure tin gymkhana design,mini playing cards gymkhana,mini playing cards buffalo bill,36 pencils tube red retrospot,12 pencils tall tube woodland,12 pencils tall tube red retrospot,blue pot plant candle,12 pencils small tube red retrospot,vintage doily jumbo bag red,pack of 12 spaceboy tissues,pack of 12 woodland tissues,pack of 12 vintage doily tissues,pack of 12 paisley park tissues,lunch bag paisley park,jumbo bag paisley park,embroidered ribbon reel daisy,vintage doily deluxe sewing kit,vintage doily travel sewing kit,pantry magnetic  shopping list,woodland bunnies lolly makers,alarm clock bakelike ivory,alarm clock bakelike green,alarm clock bakelike chocolate,alarm clock bakelike pink,alarm clock bakelike red,chambre hook,home sweet home hook"
575508,"red retrospot tissue box,skulls square tissue box,magnets pack of 4 swallows,magnets pack of 4 home sweet home,magnets pack of 4 vintage collage,memo board cottage design,tea party birthday card,green metal box army supplies,childrens apron apples design,pink owl soft toy,fawn blue hot water bottle,set 6 paper table lantern stars,mini paint set vintage,wooden advent calendar cream,ribbon reel lace design,mini jigsaw spaceboy,plasters in tin strongman,circus parade lunch box,60 cake cases dolly girl design,childrens cutlery dolly girl,childrens cutlery spaceboy,set of 36 teatime paper doilies,party cones candy assorted,party cones candy decoration,paper bunting retrospot,pack of 6 skull paper plates,pack of 6 skull paper cups,vintage donkey tail game,vintage kid dolly card,red heart shape love bucket,christmas hanging star with bell,lovebird hanging decoration white,victorian glass hanging t-light,jam jar with pink lid,hand warmer scotty dog design,charlotte bag apples design,set of 3 notebooks in parcel,mini jigsaw dolly girl,mini jigsaw purdey,english rose hot water bottle,lunch bag paisley park,jumbo bag paisley park,charlotte bag pink polkadot,lunch bag apple design,childrens cutlery circus parade,charlotte bag suki design,ice cream sundae lip gloss,pink regency teacup and saucer,childrens apron spaceboy design,retrospot heart hot water bottle,grey heart hot water bottle,i love london mini backpack,pink floral feltcraft shoulder bag"
575510,"cake stand 3 tier magic garden,pack of 60 pink paisley cake cases,tv dinner tray dolly girl,red retrospot cake stand,mini paint set vintage,spaceboy tv dinner tray,vintage heads and tails card game,picture dominoes,box of vintage alphabet blocks,children's circus parade mug"
575709,"set of 3 regency cake tins,postage"
576664,"vintage doily travel sewing kit,red spot ceramic drawer knob,postage"
577326,"memo board retrospot  design,postage"
577474,"strawberry charlotte bag,woodland charlotte bag,fairy cake flannel assorted colour,christmas pudding trinket pot,lipstick pen baby pink,diamante ring assorted in box.,lipstick pen fuschia,postage"
578034,"spaceboy childrens bowl,spaceboy childrens cup,fawn blue hot water bottle,plasters in tin circus parade,postage"
578082,"sweetheart 3 tier cake stand,sweet heart cake carrier,white brocante soap dish,ivory sweetheart soap dish,3 raffia ribbons 50's christmas,3 raffia ribbons vintage christmas,noel garland painted zinc,zinc folkart sleigh bells,3 hearts hanging decoration rustic,cherub heart decoration silver,reindeer heart decoration silver,zinc t-light holder stars small,zinc t-light holder star large,postage"
578140,"pack of 60 spaceboy cake cases,plasters in tin spaceboy,plasters in tin vintage paisley,plasters in tin circus parade,plasters in tin skulls,plasters in tin woodland animals,dolly girl lunch box,spaceboy lunch box,circus parade lunch box,heart filigree dove large,spaceboy mini backpack,children's apron dolly girl,doughnut lip gloss,lunch bag spaceboy design,place setting white star,round snack boxes set of4 woodland,charlotte bag pink polkadot,lunch bag alphabet design,rainy ladies birthday card,set 7 babushka nesting boxes,rain poncho retrospot,clock magnet mum's kitchen,spaceboy baby gift set,dolly girl baby gift set,circus parade baby gift set,woodland mini backpack,set of 4 pantry jelly moulds,white hanging heart t-light holder,parisienne key cabinet,gingerbread man cookie cutter,deluxe sewing kit,set 36 colour pencils spaceboy,magic drawing slate dolly girl,pack of 6 birdy gift tags,pink fairy cake childrens apron,victorian sewing kit,charlotte bag vintage alphabet,red retrospot charlotte bag,lunch bag paisley park,lunch bag suki design,lunch bag  black skull.,childrens apron spaceboy design"
578141,lunch bag red vintage doily
578143,"red spotty biscuit tin,regency teapot roses,revolver wooden ruler,set of 3 regency cake tins,lunch box i love london,red retrospot plate,pink polkadot plate,round snack boxes set of 4 fruits,set 36 colour pencils dolly girl,set 36 colour pencils love london,12 pencil small tube woodland"
579528,"jumbo bag alphabet,jumbo bag 50's christmas,jumbo bag vintage doily,postage"
581175,"children's circus parade mug,folding butterfly mirror hot pink,folding butterfly mirror red,classic bicycle clips,snack tray paisley park,red gingham teddy bear,round snack boxes set of4 woodland,blue bunny easter egg basket,set of 4 knick knack tins london,card party games,robot birthday card,tradtional alphabet stamp set,paint your own eggs in crate,red retrospot shopper bag,retrospot childrens apron,retrospot heart hot water bottle,vintage heads and tails card game,spaceboy birthday card,pink owl soft toy,pink  heart shape love bucket,red heart shape love bucket,tv dinner tray air hostess,tv dinner tray dolly girl,spaceboy tv dinner tray,mini jigsaw dolly girl,sewing box retrospot design,mini jigsaw circus parade,mini jigsaw spaceboy,small purple babushka notebook,large purple babushka notebook,small red babushka notebook,large red babushka notebook,calendar in season design,blue climbing hydranga art flower,blue delphinium artificial flower,pink candystuft artificial flower,paperweight vintage collage,regency cakestand 3 tier,picture dominoes,jam making set with jars,card dolly girl,set of 3 regency cake tins,spaceboy childrens cup,set of 6 ribbons country style,set of 6 ribbons party,set of 6 ribbons perfectly pretty,red kitchen scales,black kitchen scales,bundle of 3 alphabet exercise books,hand warmer owl design,dolly girl mini backpack,vintage donkey tail game,childrens cutlery spaceboy,watering can pink bunny,bicycle puncture repair kit,paper bunting vintage party,paper bunting paisley park,hanging  butterfly t-light holder,pink bunny easter egg basket,scottie dogs baby bib,green metal box army supplies,red metal box top secret,red spot ceramic drawer knob,red toadstool led night light,gumball coat rack,white wood garden plant ladder,pack of 12 traditional crayons,happy stencil craft,bread bin diner style red,set of 4 jam jar magnets,regency tea plate green,regency tea plate pink,lunch bag vintage doily,spaceboy childrens bowl,hand warmer bird design,rabbit night light,party pizza dish red retrospot"
581176,"wooden school colouring set,sweetheart recipe book stand,parisienne curio cabinet,parisienne jewellery drawer,pack of 20 napkins red apples,pack of 20 napkins pantry design,spaceboy birthday card,card dolly girl"
581338,jumbo bag 50's christmas
C543109,hanging chick cream decoration
C543388,postage
C556117,ass floral print multi screwdriver
C563593,discount
C564899,"manual,36 foil heart cake cases,rain poncho retrospot"
C577481,postage
